{"mean_stats": [540860080.2722778, 538095750.4282837, 552499809.5651855, 586088607.9760742, 627875239.0008545, 659022230.7515869, 682576937.6098633, 693421000.6404419, 690359621.4311523, 676770936.6341553, 662938963.4853516, 652020153.9481201, 662407307.124939, 676547962.0472412, 680633036.9289551, 677933560.3121948, 668186283.5496826, 654481395.1100464, 652365376.0340576, 636286199.0478516, 627073356.8718872, 644284105.0848999, 638386298.7716064, 645736035.6687012, 639291940.6834717, 642403490.7900391, 637224191.3282471, 642102031.7096558, 643115256.0529175, 647168312.7883301, 649158390.2421265, 649099218.2693481, 649997509.887146, 654247441.5158691, 660221987.1047363, 667145849.3312988, 672901977.9743042, 675468750.7156982, 674921554.5439453, 667830415.2530518, 669931119.7337646, 662523267.7095947, 663065030.2081299, 662395762.1470947, 666272095.5639648, 672069501.8604736, 678236991.5913086, 685084609.2736816, 692234054.6832275, 698709343.3648682, 700413271.1119385, 700829493.4335938, 702301640.0651855, 705074603.4436035, 705698572.7321777, 705621027.7705078, 702484924.6844482, 698963676.7901611, 695750995.0253906, 687244494.8410645, 675020743.7824707, 663503696.1741943, 662824737.644165, 664159662.9924316, 665967621.3765869, 671554175.7651367, 676518818.9418945, 679978961.8266602, 683707116.786377, 688595321.3671875, 691977517.6866455, 695688817.5826416, 700973368.9698486, 706260379.0031738, 711344499.753418, 717471623.6782227, 719514361.2786865, 715631229.7344971, 696274683.6350098, 605572397.0256348], "var_stats": [5548774006.4375, 5566967032.379883, 6121527253.202637, 6898132761.738281, 7915870957.077148, 8704394484.313477, 9357873116.517578, 9714864642.200195, 9703569589.186523, 9363935120.551758, 9011411573.19336, 8768833973.304688, 9072249584.35254, 9483876690.297852, 9614098434.123047, 9545417511.07959, 9269032835.145508, 8901732268.728516, 8820631960.787598, 8410582130.24707, 8171978573.04248, 8565855630.712891, 8413986313.219727, 8566037950.884766, 8384099576.913086, 8423639645.632324, 8281267157.923828, 8388478338.509766, 8414495136.623535, 8514730906.220703, 8567537380.895508, 8565567513.383789, 8584455391.662598, 8691449575.673828, 8844540425.886719, 9018880453.613281, 9158675336.34961, 9212598243.59082, 9185947383.164062, 8988811156.217773, 9018034989.41504, 8813659746.049805, 8802847351.248047, 8771734904.682617, 8863618491.09668, 9010285414.301758, 9165136256.344727, 9336012045.043945, 9520283960.158203, 9690439126.740234, 9737835724.24121, 9751594529.794922, 9791061038.253906, 9863390770.214844, 9872245231.926758, 9862607382.62207, 9770054906.78418, 9662131131.764648, 9559502740.15918, 9312618511.811523, 8960405557.529297, 8640711567.205078, 8612129510.516602, 8643711200.236328, 8697391900.841797, 8854429745.286133, 8994402827.08496, 9101230339.050781, 9216011867.484375, 9354122999.836914, 9446978004.783203, 9548443372.249023, 9690878754.341797, 9831723084.40332, 9965492753.376953, 10129944039.200195, 10183179420.759766, 10064288026.082031, 9529039655.132812, 7277784042.4296875], "total_frames": 54068199}